{
  "name": "U-NET image segmentation - ID Cards",
  "description": "Identify the most prominent object in the image from a set of 1 categories.",
  "version": "v0",
  "subgraph_metadata": [
    {
      "input_tensor_metadata": [
        {
          "name": "image",
          "description": "Input image to be classified. The expected image is 256 x 256, with three channels (red, blue, and green) per pixel. Each value in the tensor is a single byte between 0 and 255.",
          "content": {
            "content_properties_type": "ImageProperties",
            "content_properties": {
              "color_space": "RGB"
            }
          },
          "process_units": [
            {
              "options_type": "NormalizationOptions",
              "options": {
                "mean": [
                  127.5
                ],
                "std": [
                  127.5
                ]
              }
            }
          ],
          "stats": {
            "max": [
              255.0
            ],
            "min": [
              0.0
            ]
          }
        }
      ],
      "output_tensor_metadata": [
        {
          "name": "probability",
          "description": "Probabilities of the 1 labels respectively.",
          "content": {
            "content_properties_type": "FeatureProperties"
          },
          "stats": {
            "max": [
              1.0
            ],
            "min": [
              0.0
            ]
          },
          "associated_files": [
            {
              "name": "labels.txt",
              "description": "Labels for objects that the model can recognize.",
              "type": "TENSOR_AXIS_LABELS"
            }
          ]
        }
      ]
    }
  ],
  "author": "William Sousa",
  "license": "Apache License. Version 2.0 http://www.apache.org/licenses/LICENSE-2.0."
}
